Emp ID,First Name,Last Name,DOB,SSN,State
232,Mathews,John,02/24/1991,***-**-9165,ND
533,Moore,Nathan,11/19/1978,***-**-7469,ME
256,Douglas,Amanda,01/08/1990,***-**-6961,ID
189,Andrews,Heather,08/11/1976,***-**-1797,VT
284,Hernandez,Daniel,07/22/1976,***-**-7473,CO
512,Pena,Danny,01/31/1978,***-**-9878,MN
126,Knight,Gary,03/08/1994,***-**-1242,AR
556,Carroll,Robin,10/14/1972,***-**-7194,CA
595,Dickerson,Michelle,02/08/1984,***-**-2817,TN
191,Gallegos,Kimberly,08/05/1972,***-**-7563,OR
55,Parker,Morgan,01/30/1986,***-**-4320,TN
623,Rhodes,Mason,01/28/1977,***-**-4767,MD
426,Griffin,Amy,02/18/1973,***-**-1946,MA
535,House,Danielle,04/16/1975,***-**-9308,ME
399,Greene,Charles,11/28/1992,***-**-2935,KY
33,Martinez,Nicholas,04/05/1979,***-**-1689,LA
302,Meadows,Tracey,01/12/1988,***-**-6175,RI
325,Evans,Renee,03/14/1991,***-**-2708,MT
188,Estrada,Joseph,03/29/1984,***-**-2571,PA
184,Warner,Jeremy,10/20/1987,***-**-1184,AL
526,Rodriguez,Anthony,02/09/1983,***-**-3865,ID
85,Lopez,Kristen,01/02/1978,***-**-8194,VA
171,Mcdonald,Mark,06/27/1984,***-**-0101,MT
74,Freeman,Robert,01/01/1984,***-**-5211,AR
69,Reynolds,Michael,10/30/1994,***-**-8507,CA
365,Little,Kristine,07/10/1974,***-**-1771,SD
149,Barnes,April,02/15/1983,***-**-3288,RI
218,Hodges,Pamela,02/19/1989,***-**-1423,UT
647,Gilbert,Ronald,05/26/1974,***-**-4448,WY
518,Cooper,Thomas,08/17/1972,***-**-9890,CO
12,Harrington,Dakota,08/24/1972,***-**-7188,VA
622,Porter,Jennifer,01/20/1991,***-**-5572,WI
159,Jordan,Beverly,08/15/1986,***-**-3762,NM
394,Brown,Mark,04/02/1975,***-**-8531,CA
158,Ford,Amy,06/05/1974,***-**-6461,NC
446,King,Benjamin,05/07/1973,***-**-8165,RI
352,Bryant,Stephen,05/15/1991,***-**-6488,SD
598,Williams,Brandi,10/15/1989,***-**-8500,MD
505,Hutchinson,Ashley,04/26/1994,***-**-1510,SC
173,Pacheco,Alisha,01/13/1982,***-**-2496,MI
84,Campbell,Robert,02/27/1973,***-**-9581,SD
406,Sanders,Sandra,10/06/1980,***-**-1673,RI
164,Hensley,Katherine,05/29/1991,***-**-7226,CT
267,Cox,Stacy,11/08/1976,***-**-0990,AL
503,Barton,Frank,06/10/1993,***-**-5568,MA
295,Kramer,Shannon,05/04/1980,***-**-7615,SC
590,James,Brenda,12/31/1977,***-**-3251,HI
97,Edwards,Paula,08/10/1988,***-**-0638,KS
3,Rowe,Jennifer,09/16/1980,***-**-9014,NY
20,Foster,David,01/09/1990,***-**-6956,MO
179,Boyle,William,01/30/1988,***-**-0490,AR
86,Greene,Christopher,05/29/1972,***-**-8446,ID
219,Fuller,Matthew,04/27/1980,***-**-2989,MS
237,Nguyen,Gabriela,12/17/1981,***-**-3729,WA
96,Diaz,Allison,03/25/1994,***-**-8927,AR
22,Jordan,Isaac,05/06/1986,***-**-0520,TX
439,Bailey,Cheryl,10/31/1991,***-**-1224,NC
146,Castillo,Julie,02/16/1988,***-**-4523,AK
271,Adams,Michael,12/10/1986,***-**-3927,FL
103,Parsons,Melinda,02/07/1986,***-**-8751,NE
540,Campbell,Robert,01/17/1987,***-**-3694,DE
144,Nelson,Julie,08/08/1994,***-**-1332,SD
594,Nelson,Steven,04/14/1989,***-**-2085,VT
176,Lynn,Hailey,03/25/1973,***-**-9488,CA
198,Nguyen,Dillon,05/26/1978,***-**-4552,IL
433,Miller,Hannah,10/18/1973,***-**-4657,NY
274,Harris,Jeffrey,05/25/1994,***-**-4763,KY
6,Welch,Daniel,08/08/1982,***-**-6950,IL
452,Jackson,Bryan,09/08/1982,***-**-8117,MD
23,George,Denise,09/07/1990,***-**-4879,WI
373,Carney,Alicia,09/10/1989,***-**-9437,OH
374,Peters,William,03/20/1986,***-**-7516,KY
200,Drake,Dustin,09/17/1993,***-**-5454,WV
428,Thornton,Jessica,01/03/1983,***-**-2381,KS
116,Wilson,Rebecca,06/08/1980,***-**-6629,MI
418,Lane,Katherine,11/01/1986,***-**-6820,NH
9,Harper,Sarah,07/27/1993,***-**-5891,AK
230,Hill,Jermaine,09/11/1988,***-**-5479,NJ
502,Marshall,Michael,04/05/1990,***-**-5125,MI
632,Mcbride,Kirsten,09/10/1973,***-**-2372,IA
112,Holmes,Rachael,07/30/1973,***-**-2067,GA
422,Foster,Leon,09/19/1975,***-**-3153,SC
131,Mcclain,David,08/02/1976,***-**-5430,OH
404,Lawrence,Emily,11/24/1991,***-**-1991,TN
504,Booth,Troy,12/27/1990,***-**-5141,TN
194,Ho,Stephanie,04/25/1983,***-**-3656,KS
567,Hendricks,Michele,03/10/1990,***-**-7341,MS
253,Harper,Eric,11/12/1986,***-**-2860,NV
407,Gomez,Jonathan,06/05/1993,***-**-4727,SD
82,Garcia,Kevin,11/25/1977,***-**-4722,NV
429,Lawson,Howard,04/13/1984,***-**-7664,MI
78,Robertson,Stacy,09/24/1974,***-**-0248,WY
167,Beck,John,07/27/1985,***-**-3635,AR
484,Morgan,Julia,03/18/1976,***-**-1731,WI
60,Leon,Allen,04/06/1975,***-**-9089,MI
400,Rios,James,03/04/1978,***-**-3987,ID
34,Wells,Ralph,10/19/1988,***-**-4237,KS
596,Chavez,Megan,10/08/1991,***-**-7659,CT
279,Patrick,Ashley,06/07/1974,***-**-0763,WY
466,Bowen,Bonnie,11/07/1993,***-**-5889,ID
327,Lawson,Andrew,04/05/1982,***-**-7313,MT
382,Chavez,Tonya,04/17/1984,***-**-5703,MT
369,Larson,Michelle,03/20/1980,***-**-3866,FL
347,Garrett,Mark,09/18/1985,***-**-4408,WY
25,Rivera,Chelsea,06/21/1987,***-**-0140,NH
317,Krause,Amanda,11/06/1977,***-**-4744,IL
321,Spencer,Paige,09/02/1991,***-**-8621,NY
193,Gonzales,Rhonda,06/07/1976,***-**-4110,ID
606,Kelly,Jasmine,06/30/1979,***-**-3251,MN
123,Sherman,Amy,08/04/1973,***-**-6029,NJ
566,Arroyo,David,04/16/1975,***-**-9403,FL
409,Lin,Robert,11/12/1975,***-**-0121,AZ
265,Wilson,Paul,06/19/1993,***-**-9871,IA
490,Meyers,Paul,03/13/1989,***-**-1680,HI
311,Elliott,Jessica,06/04/1978,***-**-1632,OH
537,Richmond,Anthony,10/05/1989,***-**-8935,AR
147,Rivera,William,03/08/1975,***-**-7032,SD
304,Villegas,Sheri,02/13/1985,***-**-8629,OR
472,Hopkins,Kelly,10/08/1984,***-**-6875,HI
348,Farrell,Darren,05/24/1991,***-**-5885,CA
91,Harmon,Darlene,05/05/1980,***-**-3052,WV
410,Lyons,Rachel,08/29/1972,***-**-0900,ME
344,Jacobs,David,02/28/1982,***-**-3682,FL
419,Weeks,Christina,10/15/1972,***-**-2028,PA
1,Anderson,Andrea,11/12/1984,***-**-5650,CT
532,Smith,Jennifer,01/31/1989,***-**-1748,GA
107,Andrews,Shirley,12/07/1981,***-**-5306,OH
166,Rivera,Adrian,02/13/1973,***-**-5638,MA
391,Mckinney,George,02/04/1984,***-**-7748,UT
67,Boyd,Hailey,11/17/1980,***-**-0270,NY
447,Harris,Tiffany,01/12/1983,***-**-9733,WV
653,Hunter,Mary,11/01/1977,***-**-6623,TX
294,Edwards,Robert,04/07/1980,***-**-5215,GA
416,Lambert,Barbara,09/07/1979,***-**-5353,ID
185,Armstrong,Angela,03/22/1990,***-**-2446,NY
637,Ward,Brett,09/27/1979,***-**-0204,MN
333,Sanchez,Troy,11/15/1990,***-**-2052,OK
579,Carter,Garrett,09/26/1988,***-**-7246,CA
215,Reeves,James,01/31/1988,***-**-1620,IN
152,Baker,Mary,07/08/1979,***-**-0954,MI
301,Bradley,Alexandra,06/13/1980,***-**-9390,AL
572,James,Aaron,03/25/1974,***-**-4596,OR
165,Wood,Thomas,08/21/1979,***-**-8269,TN
639,Jackson,Charlene,10/28/1989,***-**-8809,WY
405,Robbins,Mary,12/01/1975,***-**-9514,FL
390,Washington,Kayla,10/08/1985,***-**-6218,CT
641,Knapp,Kimberly,11/23/1992,***-**-1122,CO
51,Brown,Nicholas,09/18/1988,***-**-2869,SC
421,Marshall,Rebecca,05/06/1974,***-**-1020,PA
106,Smith,Mark,07/07/1979,***-**-5381,ND
379,Harrell,Adam,10/18/1981,***-**-0742,WV
76,Daniels,Steve,09/14/1980,***-**-3537,CO
68,Potter,Victoria,03/25/1988,***-**-4290,UT
118,Preston,Kathy,03/06/1990,***-**-9960,LA
127,Donaldson,Michael,01/01/1995,***-**-7624,CA
542,Bridges,Brian,02/22/1976,***-**-4546,MN
181,Gonzalez,Martha,01/17/1981,***-**-8342,KS
111,Rogers,Paul,01/10/1992,***-**-6284,MT
481,Galvan,Dawn,09/03/1989,***-**-8058,TN
568,West,Amber,01/19/1978,***-**-7363,ND
395,Guerrero,Christopher,01/29/1983,***-**-4036,WY
345,Brooks,Stacy,06/17/1991,***-**-4661,SC
438,Kaiser,Danielle,08/21/1975,***-**-9764,AL
403,Boyle,Taylor,09/26/1979,***-**-9756,MD
180,Howard,Donna,12/16/1978,***-**-3416,CA
616,Rios,Anne,11/26/1974,***-**-6513,HI
56,Barnes,Theresa,09/28/1976,***-**-2054,CT
153,Tate,Lori,03/08/1977,***-**-9123,NM
551,Baker,Alexandria,11/02/1974,***-**-3200,NV
135,Hensley,Stephen,09/30/1978,***-**-5372,GA
500,Fischer,Jennifer,11/19/1983,***-**-5609,UT
24,Robinson,Pamela,02/21/1981,***-**-4275,NM
81,Gonzalez,Brendan,08/02/1991,***-**-9993,SC
50,Turner,Richard,12/24/1982,***-**-9924,TN
328,Robinson,Michael,10/22/1973,***-**-2355,IL
402,Sharp,Patricia,07/13/1987,***-**-0306,MD
255,Avila,Elizabeth,03/15/1977,***-**-8453,NH
413,Martinez,Christopher,12/28/1978,***-**-8774,CT
507,Woods,Isaac,03/20/1984,***-**-6227,AK
62,Wolf,Adriana,10/17/1994,***-**-1702,OR
150,Pearson,David,06/14/1982,***-**-1781,AL
109,Kramer,Matthew,05/14/1988,***-**-4860,RI
310,Archer,Pamela,10/25/1987,***-**-2625,WV
243,Stout,Charles,12/05/1976,***-**-1997,KS
72,Boyd,Daniel,07/18/1978,***-**-1220,NY
608,Jones,Jimmy,02/19/1973,***-**-2030,MA
19,Hammond,Rebecca,02/21/1972,***-**-2706,LA
30,Diaz,Emily,12/04/1986,***-**-9174,AK
119,Wise,Chad,11/10/1988,***-**-1355,CO
162,Duran,Todd,01/14/1976,***-**-1832,KY
199,Mclaughlin,Brian,09/21/1987,***-**-2876,PA
187,Rogers,Katherine,05/13/1988,***-**-9500,ME
102,Adams,Joseph,01/18/1979,***-**-7778,WI
385,Lowery,David,10/21/1987,***-**-7963,UT
626,Young,Janice,07/07/1988,***-**-4863,WA
528,Matthews,Anna,02/09/1991,***-**-4474,TN
31,Garcia,Katie,03/22/1983,***-**-8462,AK
43,Estrada,Maria,04/30/1990,***-**-8108,LA
169,Smith,Ashley,07/16/1983,***-**-8720,TX
204,Wright,Amy,10/15/1991,***-**-8641,CA
494,Scott,Heather,08/20/1982,***-**-0361,NH
233,Anderson,John,05/30/1973,***-**-6681,NY
638,Anderson,John,01/07/1983,***-**-7935,UT
57,Harris,Kimberly,10/01/1988,***-**-5459,IA
648,Smith,Christopher,11/23/1976,***-**-2521,WI
192,Singh,Daniel,12/25/1980,***-**-7521,VA
73,Nguyen,Miranda,08/12/1981,***-**-2585,ME
477,Simpson,Gregory,07/09/1990,***-**-9365,CO
411,Brown,Daniel,04/19/1984,***-**-6526,NM
630,Thompson,Susan,05/17/1985,***-**-6074,TN
600,Johns,Rick,07/30/1984,***-**-7121,NV
634,Calhoun,Sean,07/31/1978,***-**-2261,SD
296,Holden,Alan,11/06/1994,***-**-6916,PA
154,Silva,Robin,07/14/1987,***-**-0453,AK
527,Conrad,Nicole,06/02/1985,***-**-6985,SD
635,Russell,Deanna,07/29/1972,***-**-9236,MD
229,Bailey,Joshua,07/20/1986,***-**-4031,WV
389,Patrick,Daniel,10/15/1972,***-**-8777,GA
220,Smith,William,06/04/1990,***-**-0654,AR
454,Grant,Kristin,08/23/1980,***-**-9693,WV
488,Velasquez,Kimberly,01/10/1989,***-**-4229,GA
41,Dalton,Michael,03/08/1994,***-**-2101,WI
522,Shaw,Jason,11/01/1985,***-**-4765,KY
269,Olson,Jonathon,07/08/1985,***-**-7767,SC
35,Perry,Andrea,02/01/1986,***-**-8897,CO
10,Nguyen,Anthony,10/09/1986,***-**-8472,WI
397,Christensen,Anthony,05/13/1983,***-**-8703,OH
45,Murphy,Paul,07/18/1975,***-**-9454,NJ
210,Stewart,Susan,04/23/1989,***-**-2712,GA
197,Warren,Scott,06/24/1985,***-**-3723,OH
354,Avery,Jennifer,08/08/1987,***-**-5062,LA
552,Vaughan,Alexander,08/22/1988,***-**-8562,MI
414,Parker,Laura,12/05/1973,***-**-6879,CO
134,Harrington,Derek,09/15/1990,***-**-2836,AR
11,Wells,Daniel,08/27/1994,***-**-7268,CA
222,Phillips,Kelly,11/05/1987,***-**-1324,MI
442,Bennett,Lauren,06/05/1985,***-**-4874,IA
633,Wolf,Aaron,04/09/1978,***-**-1149,WY
361,Wright,Julia,09/04/1980,***-**-6702,CO
205,Dennis,Cheryl,06/16/1986,***-**-0712,TX
18,Lopez,Donna,02/22/1985,***-**-5711,DE
459,Gibbs,Matthew,06/12/1984,***-**-9698,ID
564,Mitchell,Nancy,02/02/1988,***-**-9365,GA
138,Bullock,Ashley,07/23/1983,***-**-5394,MS
356,Moore,Andrew,01/03/1982,***-**-5178,ID
479,Martinez,Joseph,10/05/1973,***-**-9409,NH
100,Rodriguez,Yvette,09/11/1985,***-**-8123,OR
451,Barber,Carrie,11/09/1977,***-**-3083,LA
432,Sherman,Ashley,10/01/1984,***-**-1501,NE
71,Garcia,Craig,08/18/1994,***-**-3695,PA
463,Brown,Jerome,07/10/1992,***-**-9456,MD
308,Beck,Kevin,03/29/1981,***-**-7304,TN
591,Hansen,Travis,07/28/1981,***-**-6746,DE
214,Cook,Rodney,12/15/1994,***-**-6232,RI
290,Brown,Theresa,02/20/1993,***-**-3478,MN
8,Mercer,Wayne,09/21/1989,***-**-7254,MA
182,Lee,Mary,04/12/1982,***-**-7361,OH
534,Martin,Matthew,07/12/1993,***-**-7803,ID
511,Weber,Lee,12/03/1988,***-**-9830,CA
32,Wilson,James,07/23/1977,***-**-7343,OR
289,Clark,Angela,04/20/1988,***-**-3392,MN
643,Flynn,Allen,07/25/1994,***-**-7573,NH
234,Coleman,Darrell,08/24/1992,***-**-4198,WI
618,Wells,Patrick,08/03/1979,***-**-3209,MS
246,Beck,Tyler,10/20/1986,***-**-1385,HI
546,Jenkins,Michelle,11/29/1977,***-**-8254,NE
455,Miller,Scott,09/27/1991,***-**-3580,WY
341,Mcmillan,Maria,09/07/1973,***-**-3730,TX
252,Waller,Amy,10/01/1980,***-**-8763,MA
351,Thomas,Jacob,03/31/1976,***-**-8896,MS
493,Jones,Amanda,07/31/1993,***-**-0691,MN
599,Padilla,Edward,10/09/1993,***-**-5222,PA
315,Best,Debra,02/20/1973,***-**-3320,ND
577,Roberts,Gregory,01/27/1986,***-**-4496,IN
415,Wheeler,Suzanne,05/19/1985,***-**-2982,WI
303,Lewis,Ann,01/14/1976,***-**-0619,MT
478,Peterson,Michelle,06/25/1984,***-**-2154,MA
313,Thomas,Adam,12/30/1982,***-**-1297,VA
4,Owens,Donna,09/26/1987,***-**-6696,AL
249,Lyons,Pamela,09/27/1972,***-**-3318,AR
649,Lopez,Victor,10/26/1987,***-**-3964,NV
565,Miller,Matthew,04/07/1979,***-**-3517,CO
513,Foster,Kevin,10/18/1985,***-**-5090,WI
516,Stokes,Alyssa,04/01/1973,***-**-2432,OH
545,Saunders,Mark,08/23/1973,***-**-2640,VT
38,Chapman,Michael,03/13/1977,***-**-6874,OR
309,Farrell,Cole,01/29/1993,***-**-7973,IN
578,Estrada,Michael,10/12/1994,***-**-2448,OH
178,Martinez,Shaun,12/11/1982,***-**-5793,NC
359,Moon,Victoria,01/06/1976,***-**-8604,AZ
278,Peters,Brian,05/07/1982,***-**-3701,HI
292,Gonzalez,Jose,06/01/1992,***-**-9797,MD
87,Paul,John,11/20/1973,***-**-7180,KY
286,Smith,Stephanie,04/26/1978,***-**-1286,NH
221,Wilson,Lisa,11/09/1993,***-**-6950,AZ
524,Duran,Cody,01/15/1973,***-**-6706,NM
453,Johnson,Ann,06/01/1981,***-**-9046,NE
468,Hernandez,Paula,10/12/1975,***-**-2951,CA
444,Barber,Patrick,07/21/1991,***-**-9891,NY
350,Alvarado,Dennis,11/27/1973,***-**-4378,MT
462,Peterson,David,06/27/1973,***-**-7312,LA
66,Williams,Tina,11/04/1987,***-**-7775,OR
495,Koch,Bridget,02/23/1973,***-**-9714,WY
586,Hernandez,Adrian,09/08/1993,***-**-5101,NE
457,Potter,Andrea,12/26/1983,***-**-6384,NH
392,Williams,David,07/07/1990,***-**-6350,MA
202,Wright,Katherine,05/10/1987,***-**-3109,AR
467,Taylor,Kevin,04/19/1979,***-**-2293,NH
627,Mitchell,Latoya,03/15/1991,***-**-3607,ME
367,Smith,Tricia,01/24/1992,***-**-7866,CA
244,Miles,David,11/26/1993,***-**-2657,MI
620,Hoffman,Gina,03/20/1990,***-**-4213,UT
642,Whitney,Tamara,09/21/1975,***-**-9208,MO
427,Garcia,John,04/14/1987,***-**-3993,TX
539,Nunez,Craig,06/13/1972,***-**-6566,DE
98,Ross,Desiree,07/07/1981,***-**-2608,MS
324,Ramirez,Samantha,08/11/1981,***-**-7086,MD
589,Patton,David,11/19/1978,***-**-9705,PA
339,Lopez,Caroline,08/09/1981,***-**-1325,OK
645,Malone,Karen,09/03/1985,***-**-5442,CO
355,Wright,Daniel,12/31/1989,***-**-3803,FL
541,Miller,Brent,01/14/1978,***-**-9692,HI
360,Meyer,Mitchell,08/31/1991,***-**-7666,RI
39,Flores,Annette,04/19/1977,***-**-3196,NE
305,Hendrix,Wendy,08/19/1983,***-**-6634,WY
474,Cross,Alexis,08/11/1983,***-**-3694,MN
571,Jones,Jeffrey,06/27/1981,***-**-1822,SD
372,Walsh,Jessica,06/01/1976,***-**-2907,RI
559,Henderson,Sherry,02/15/1991,***-**-3768,FL
521,Johnson,Jennifer,02/17/1978,***-**-3102,OK
583,Ellison,Scott,03/31/1977,***-**-8653,NH
329,Baldwin,Denise,04/06/1992,***-**-7350,AL
201,James,Rebecca,12/04/1980,***-**-1514,MA
276,Gonzales,Sean,08/11/1981,***-**-8838,MO
592,Chavez,Mary,04/27/1990,***-**-2834,PA
124,Martinez,Ralph,02/26/1980,***-**-4024,WA
133,Stone,Thomas,03/29/1973,***-**-8227,DE
314,Anderson,Christopher,07/01/1974,***-**-1835,NC
562,Garcia,Allison,02/08/1983,***-**-0105,LA
125,Hall,Charles,09/15/1982,***-**-7617,PA
625,Roach,Lawrence,04/03/1991,***-**-2080,KY
312,Dougherty,Christopher,03/29/1978,***-**-0986,AL
90,Small,William,08/05/1990,***-**-0642,CO
236,May,Samuel,03/30/1988,***-**-0970,NJ
601,Lopez,Brian,02/13/1990,***-**-7558,DE
326,Clark,Amanda,07/23/1991,***-**-5043,MN
264,Taylor,Cody,11/13/1978,***-**-3700,SD
248,Love,Sherry,03/24/1975,***-**-8685,OR
485,Stone,Christine,11/07/1978,***-**-6503,KS
54,Diaz,Kristy,03/26/1988,***-**-1032,IA
2,Long,Amy,07/19/1982,***-**-7292,FL
298,Myers,Haley,03/20/1985,***-**-0757,MD
99,Holden,Michael,07/23/1975,***-**-7951,IN
186,Ferrell,Kelly,01/21/1982,***-**-2299,NH
593,Valdez,Rachel,05/21/1985,***-**-0852,UT
557,Roberson,Kristine,03/18/1981,***-**-0956,MN
375,Watson,Vincent,12/15/1974,***-**-8997,RI
460,Bailey,Elizabeth,07/15/1979,***-**-7230,MI
496,Mcmillan,Mark,07/08/1976,***-**-2503,MI
487,Long,Sheri,06/06/1978,***-**-5166,OH
469,Mccall,Daniel,07/12/1987,***-**-5314,NE
340,Malone,Dawn,04/19/1979,***-**-2070,TN
363,Romero,Evan,08/25/1994,***-**-3334,NM
108,Adams,Paul,04/19/1992,***-**-5765,WV
357,Holt,Tracy,10/20/1988,***-**-1413,AK
293,Wheeler,Charles,02/11/1972,***-**-5781,CA
604,Harris,Ashley,08/09/1993,***-**-7070,IL
7,Schmidt,Roberto,02/07/1994,***-**-1763,AL
94,Barton,Margaret,10/10/1975,***-**-0973,ID
227,Diaz,Michelle,09/25/1993,***-**-4889,ID
486,Duncan,Mike,12/15/1988,***-**-8115,MD
613,Thomas,Alexandra,01/12/1994,***-**-6760,SD
603,Murillo,Mark,09/22/1976,***-**-9915,MI
332,Dyer,Carol,03/12/1989,***-**-5545,HI
587,Williams,Daniel,11/17/1989,***-**-9146,NH
602,Suarez,Sandra,09/20/1980,***-**-9548,GA
398,Hamilton,Sarah,07/20/1976,***-**-3104,ND
148,Floyd,Sydney,03/31/1981,***-**-0722,CT
223,Hall,Jonathan,07/01/1978,***-**-6672,NE
574,Kim,Jennifer,10/03/1976,***-**-9504,MN
588,Sanchez,Kenneth,10/30/1980,***-**-8921,CA
157,Carroll,Joseph,05/09/1975,***-**-5984,ND
175,Arnold,Jennifer,10/18/1976,***-**-4368,AL
473,Le,David,08/31/1976,***-**-5444,MI
29,Clark,Jeffrey,06/28/1978,***-**-0316,MO
334,Reed,Jeffery,07/19/1985,***-**-6338,NJ
465,Kim,Laura,07/26/1974,***-**-3606,PA
92,Obrien,Derek,06/29/1990,***-**-6123,NH
470,Bishop,Brooke,12/18/1980,***-**-4107,CA
128,Miles,Peter,10/26/1976,***-**-3367,WA
77,Owen,Alex,10/07/1987,***-**-9252,AL
530,Fowler,Michael,08/28/1990,***-**-3995,TN
270,Rose,Katherine,01/19/1976,***-**-0446,MN
251,Waller,Daniel,04/23/1974,***-**-0011,KY
277,Johnson,Ronald,09/19/1973,***-**-8871,DE
346,Gutierrez,Austin,06/25/1979,***-**-0203,VT
238,Chang,Brandon,05/14/1984,***-**-6687,AL
143,Murphy,Alexander,05/05/1984,***-**-0664,UT
461,Mendoza,Stephanie,03/22/1977,***-**-8308,VT
5,Moore,Gregory,02/10/1982,***-**-6226,MA
117,Mendoza,Jonathan,12/30/1989,***-**-0262,MD
396,Phillips,Michelle,09/17/1988,***-**-2345,OK
517,Morgan,Justin,03/17/1976,***-**-5133,MI
228,Hubbard,Michael,09/09/1978,***-**-8972,CT
576,Little,Travis,05/14/1992,***-**-6995,WY
482,Kennedy,Susan,12/19/1988,***-**-4558,ME
611,Mcgrath,Emily,11/10/1973,***-**-7640,CO
288,Griffin,Sandra,11/13/1988,***-**-6533,NV
322,Sullivan,Jessica,01/07/1990,***-**-2665,WY
93,Mendoza,Timothy,06/09/1980,***-**-2367,NM
631,Pearson,Amanda,08/15/1979,***-**-9832,TN
95,Burnett,Jeffery,07/28/1984,***-**-4493,KS
225,Williams,Brian,01/12/1986,***-**-5701,MT
386,Dorsey,Randy,05/09/1974,***-**-0360,MO
272,Williams,Duane,10/14/1973,***-**-8818,NV
614,Beasley,Colleen,08/12/1977,***-**-3286,MA
262,Jackson,Brian,12/21/1985,***-**-9597,PA
110,Price,Cynthia,10/15/1991,***-**-6184,SD
501,Carter,Donald,07/16/1983,***-**-5922,HI
65,Schmitt,Lisa,04/23/1976,***-**-5980,TN
458,Nichols,Dustin,06/07/1977,***-**-9015,NE
224,Brown,Jay,04/24/1980,***-**-8736,TX
160,Lynch,Beth,02/13/1984,***-**-0814,AK
259,Mitchell,Mary,01/20/1982,***-**-3602,TX
547,Rush,Joshua,08/05/1986,***-**-2710,GA
358,David,Jillian,04/11/1973,***-**-4462,HI
652,Delgado,Anthony,09/19/1994,***-**-7837,FL
49,Wilson,Meghan,05/18/1988,***-**-4722,HI
437,Montgomery,Andrea,12/03/1991,***-**-6315,OH
536,Gray,Megan,10/12/1972,***-**-4006,NY
636,Brooks,Sarah,06/27/1991,***-**-6948,AR
330,Clark,Kaylee,05/29/1992,***-**-0753,WI
538,Martin,Joseph,04/13/1992,***-**-5396,AR
168,Rose,Donna,04/20/1989,***-**-1960,TN
480,Sawyer,Brandi,07/13/1979,***-**-9334,RI
543,Torres,James,01/19/1986,***-**-5026,DE
506,Malone,Jonathan,04/14/1984,***-**-9942,MN
80,Williams,Christine,08/15/1974,***-**-1974,MN
342,Young,Christopher,12/02/1988,***-**-1343,NE
364,Turner,David,02/13/1973,***-**-7108,IL
64,Estes,Gregory,10/04/1989,***-**-9235,KS
156,Vaughn,Shannon,12/27/1992,***-**-2444,AR
285,Mclaughlin,James,01/21/1981,***-**-1088,NC
79,Brown,Michael,01/13/1986,***-**-9682,OH
170,Crawford,Jennifer,07/21/1986,***-**-5861,FL
561,Carr,Michelle,06/22/1978,***-**-2759,CT
617,Love,Andrew,05/27/1991,***-**-9696,OH
515,Bennett,Anna,06/20/1977,***-**-6909,TN
644,Watts,William,10/12/1989,***-**-6883,MN
450,Williams,Cynthia,12/23/1978,***-**-5994,NY
216,Miles,Bruce,01/21/1982,***-**-0969,IA
88,Wilson,Amanda,05/23/1972,***-**-0767,NE
130,Riley,Joshua,11/08/1983,***-**-4874,IN
408,Torres,Carla,02/23/1987,***-**-7599,CT
105,Green,Mark,06/14/1977,***-**-6893,AZ
580,Goodwin,Stephanie,02/25/1986,***-**-5702,NC
388,Allen,Cameron,01/02/1986,***-**-8341,ID
316,Li,Harold,05/11/1983,***-**-2966,GA
196,Curry,Sara,06/05/1984,***-**-1678,ID
366,Wyatt,Caroline,11/12/1979,***-**-7063,NY
331,Perez,Nicole,09/28/1982,***-**-1455,MT
63,Garcia,Jacqueline,01/31/1991,***-**-8953,NC
651,Wright,Alexander,04/18/1979,***-**-7263,MN
497,Farrell,Heather,01/11/1978,***-**-0338,MA
14,Fernandez,Joseph,06/01/1978,***-**-4971,IL
52,Chandler,Timothy,03/26/1978,***-**-3897,NM
456,Jackson,Gregory,06/06/1973,***-**-0058,WY
412,Patterson,Thomas,05/06/1977,***-**-4561,VA
283,Suarez,Timothy,01/12/1977,***-**-3073,WI
174,Jensen,Jennifer,03/09/1991,***-**-4293,GA
509,Hogan,Andrew,06/08/1990,***-**-5943,ND
254,Hartman,Dale,10/01/1993,***-**-9502,ME
531,Williams,Jennifer,02/27/1977,***-**-9054,OK
104,Perez,Antonio,02/09/1980,***-**-4115,NC
549,Hicks,Joshua,01/07/1985,***-**-4786,KS
183,Thompson,Edward,08/31/1994,***-**-8605,OH
612,Zamora,Lee,03/17/1979,***-**-3321,UT
492,Rivers,Wyatt,02/07/1984,***-**-5135,KY
27,Reeves,Michelle,11/23/1972,***-**-1066,PA
287,Hopkins,Joanna,04/17/1973,***-**-2714,MA
584,Mitchell,Joseph,05/18/1980,***-**-7441,VA
624,Ray,Ariel,09/11/1972,***-**-2732,OR
53,Murray,Shawn,10/30/1990,***-**-5217,MS
206,Spears,Jose,03/01/1976,***-**-2675,NH
211,Mayer,Caroline,05/03/1973,***-**-2487,WY
646,Weaver,David,08/11/1976,***-**-2750,ME
336,Sullivan,Kelly,04/12/1988,***-**-7284,NV
555,Ramirez,Kyle,05/30/1984,***-**-2839,WA
560,Davis,Carrie,06/20/1984,***-**-6558,WA
203,Martinez,Catherine,04/28/1990,***-**-6917,NM
217,Lewis,Amanda,12/05/1988,***-**-0504,MT
371,Bailey,Katherine,03/04/1994,***-**-3545,WV
605,Smith,Rodney,05/08/1975,***-**-3105,NH
337,Saunders,Savannah,05/12/1984,***-**-2473,IA
381,Oneal,Claudia,04/01/1987,***-**-9008,TX
508,Johnson,Roy,03/30/1984,***-**-6344,AK
58,Smith,Michelle,07/08/1982,***-**-6834,NV
401,Haney,Amanda,04/11/1983,***-**-9019,IA
163,Fletcher,Theresa,10/22/1992,***-**-0535,VA
548,Green,Debra,07/20/1988,***-**-5376,SC
161,Cox,John,12/11/1985,***-**-7739,OH
464,Harris,Beth,12/22/1982,***-**-5871,RI
476,Mcconnell,Erica,07/01/1981,***-**-0878,MA
208,Johnson,Kimberly,01/22/1992,***-**-4304,PA
378,Aguirre,Kyle,10/24/1973,***-**-4469,NE
654,English,Nicole,04/30/1977,***-**-9164,HI
585,Turner,Bonnie,04/01/1973,***-**-0208,MD
621,Gillespie,Maurice,09/07/1984,***-**-8509,GA
300,Adams,Corey,10/08/1988,***-**-2578,OR
640,Nelson,Brett,06/20/1986,***-**-3049,MD
297,Nelson,Melody,01/23/1979,***-**-1931,VA
209,Young,James,04/12/1980,***-**-8557,ME
320,Smith,Robert,04/14/1994,***-**-0748,MS
242,Larson,Caroline,05/05/1990,***-**-7178,LA
258,Robinson,Megan,03/24/1973,***-**-1601,WV
570,Edwards,Shawn,01/19/1978,***-**-4865,LA
417,Evans,David,09/15/1977,***-**-6773,WA
281,Price,Julie,01/20/1993,***-**-3599,PA
436,Webster,Briana,02/08/1978,***-**-3704,PA
441,Oconnor,Robin,02/27/1978,***-**-0782,NH
425,Davidson,Albert,01/20/1975,***-**-9182,CA
553,Chen,Mark,04/02/1989,***-**-3553,WY
266,Lynn,Elizabeth,02/25/1992,***-**-8647,MA
40,Gonzalez,Tracy,11/01/1983,***-**-4059,WY
609,Fletcher,Patricia,06/30/1979,***-**-2311,RI
471,Salinas,Tammy,12/29/1980,***-**-3850,NC
307,Wright,Roger,03/04/1974,***-**-3080,MO
353,Castillo,Kelly,04/13/1992,***-**-7622,WA
393,Kelley,Charles,04/14/1993,***-**-1133,OK
607,Johnson,David,06/23/1985,***-**-9729,DE
483,Cervantes,David,01/08/1983,***-**-0082,WA
370,Lopez,Valerie,04/10/1983,***-**-0441,AL
273,Hayes,Sarah,11/20/1984,***-**-8195,CT
141,Arnold,Christina,10/20/1979,***-**-2313,NY
338,Bennett,Cynthia,11/26/1973,***-**-7899,MD
15,Huang,Michelle,04/09/1983,***-**-8363,UT
120,Dodson,Amanda,03/04/1973,***-**-6056,KS
75,Hawkins,Jeff,08/10/1992,***-**-5606,IL
115,Taylor,Patrick,07/29/1991,***-**-5595,MO
629,Howard,Elizabeth,11/05/1984,***-**-2641,AZ
299,White,Noah,04/30/1977,***-**-0897,SC
498,Jackson,Caroline,12/29/1983,***-**-4102,DE
445,Wright,Andrea,06/15/1978,***-**-8386,OH
582,Smith,Sara,01/02/1983,***-**-9188,TN
245,Rodriguez,Jennifer,04/23/1974,***-**-2538,NM
129,Terrell,Deanna,02/05/1990,***-**-5743,OK
544,Summers,Kristina,02/17/1989,***-**-3058,OR
377,Mercado,Laura,04/05/1974,***-**-9514,MI
155,Kane,Matthew,11/17/1990,***-**-9385,PA
440,White,Tamara,05/20/1980,***-**-6614,FL
550,Thompson,Samantha,06/04/1976,***-**-9230,NY
47,Mcmillan,John,03/02/1983,***-**-7301,NV
89,Webb,Andrea,12/11/1985,***-**-7815,VA
145,Odonnell,Lori,10/22/1989,***-**-2415,KS
554,Huerta,Ronald,12/13/1973,***-**-6058,OK
523,Foster,Chelsea,03/26/1974,***-**-4094,AK
499,Lopez,Daniel,09/07/1989,***-**-2639,AR
37,Jones,Jonathan,01/13/1977,***-**-7798,MN
384,Gaines,Jessica,04/23/1981,***-**-9332,CO
514,Morris,Timothy,06/16/1981,***-**-2962,WY
260,Campbell,Donna,07/14/1993,***-**-2369,NV
239,Martinez,Tonya,09/04/1972,***-**-7702,IA
420,Moore,Pamela,02/20/1980,***-**-9532,NJ
380,Ali,Michelle,05/05/1993,***-**-3823,KS
387,Gibson,Alexander,10/27/1983,***-**-1036,CO
207,Smith,Jay,03/06/1985,***-**-6315,CT
318,Watkins,Teresa,07/27/1972,***-**-5707,NY
16,Guzman,Bradley,05/08/1980,***-**-2817,WY
61,Young,Rhonda,06/03/1979,***-**-2336,NE
280,Davis,Brandon,07/22/1977,***-**-1621,AZ
13,Farmer,Brandon,08/10/1980,***-**-2601,TX
563,Murphy,Barbara,10/30/1989,***-**-9225,AR
569,King,James,04/21/1978,***-**-1432,AK
575,Kelly,Drew,03/25/1993,***-**-3264,WA
319,Wise,Virginia,02/18/1982,***-**-8887,OR
122,Hernandez,Mary,01/29/1990,***-**-5268,NY
520,Russell,Ryan,01/06/1975,***-**-3828,HI
489,Smith,Amanda,08/05/1989,***-**-3579,DE
136,Dunn,Morgan,07/13/1980,***-**-1601,AZ
142,Shaw,Kimberly,06/11/1973,***-**-7577,MA
250,Klein,Kathleen,01/15/1990,***-**-3388,NM
383,Meyers,Diana,09/13/1972,***-**-4296,TN
650,Smith,Logan,03/26/1990,***-**-0194,MN
231,Martin,Tracy,05/03/1975,***-**-0726,AK
431,Martin,Edwin,02/13/1988,***-**-9168,MO
306,Moran,Kelly,07/14/1976,***-**-0670,NV
151,Smith,Robert,01/12/1987,***-**-2300,ID
519,Martinez,Jane,01/30/1991,***-**-3977,AZ
172,Castillo,Denise,10/10/1983,***-**-0042,LA
121,Brock,Jonathon,04/30/1980,***-**-9917,CO
140,Franco,Amanda,09/24/1994,***-**-5413,AK
48,Robinson,Heather,11/20/1985,***-**-1929,MN
282,Stout,Kathryn,08/24/1987,***-**-9637,IA
42,Hopkins,Cory,03/13/1977,***-**-9491,AK
247,Snyder,Ryan,07/14/1982,***-**-9330,MA
59,Walker,Sara,08/16/1985,***-**-5423,NE
137,Garcia,Daniel,04/21/1979,***-**-3001,WI
257,Evans,Paul,06/25/1977,***-**-4302,MN
343,Olson,Elizabeth,01/22/1976,***-**-7163,MA
195,Romero,Ann,10/27/1989,***-**-4046,DE
268,Jensen,Thomas,02/23/1991,***-**-3430,OH
558,Davila,Brian,07/05/1982,***-**-3711,DE
70,Howard,Donna,03/31/1990,***-**-7432,MS
28,Massey,Kimberly,01/01/1981,***-**-4649,MO
132,Cross,Jeremy,11/22/1987,***-**-4632,HI
335,Thomas,Dennis,06/11/1989,***-**-5032,IN
349,Martin,Kenneth,08/24/1989,***-**-4681,MI
510,Brewer,Tyler,06/28/1972,***-**-9006,HI
36,Brooks,Scott,02/24/1972,***-**-4958,NY
430,Fritz,Derrick,12/05/1982,***-**-0071,IA
376,Munoz,Christine,11/17/1974,***-**-0149,MO
226,Robbins,Julie,11/23/1976,***-**-4571,IN
240,Cook,Rachel,03/03/1982,***-**-9042,NM
291,Hoffman,Kyle,12/25/1984,***-**-7692,MT
619,Nguyen,Nancy,07/05/1976,***-**-3939,VA
424,Wells,John,05/25/1993,***-**-3026,NH
212,Ellison,Robert,07/16/1979,***-**-9579,NE
263,Robinson,Keith,04/15/1978,***-**-3579,NC
443,Osborn,Dennis,11/15/1973,***-**-3531,MA
26,Hays,Ronald,12/21/1993,***-**-6430,TX
491,Brown,Leslie,06/15/1973,***-**-1806,NJ
114,Chapman,Maria,12/20/1973,***-**-7300,OK
434,Torres,Melissa,03/22/1981,***-**-6921,NM
615,Weaver,Joshua,11/20/1982,***-**-7030,IA
525,Martin,Crystal,08/29/1993,***-**-0679,ME
44,Ball,Sheri,08/04/1991,***-**-7548,AZ
475,Ritter,Steven,02/11/1986,***-**-8004,OH
529,Krause,Linda,12/22/1978,***-**-4382,SD
83,Myers,John,07/25/1989,***-**-1869,NJ
275,White,Mark,09/09/1992,***-**-7830,ID
190,Smith,Diana,12/02/1973,***-**-3506,IL
423,Lyons,Karen,06/09/1990,***-**-9081,OK
581,Glenn,Laura,10/20/1992,***-**-1468,TX
177,Spence,Diana,09/20/1983,***-**-4751,MA
573,Farley,Samantha,07/10/1977,***-**-2351,WA
46,Mitchell,Kayla,10/13/1975,***-**-9155,WI
17,Myers,Crystal,12/31/1980,***-**-6532,OH
101,Jones,Brooke,04/09/1979,***-**-2606,TN
261,Mueller,John,03/22/1987,***-**-7849,MD
435,Rosales,Karla,07/10/1983,***-**-1729,IL
448,Brown,Jennifer,08/23/1977,***-**-0700,MA
597,Jimenez,Blake,09/10/1977,***-**-3810,KS
628,Garcia,Michael,11/05/1980,***-**-4294,IL
610,Quinn,Jermaine,12/24/1989,***-**-1754,CA
113,Cruz,Patricia,04/22/1976,***-**-3822,IN
235,Mcintosh,Cameron,02/01/1975,***-**-8921,NV
21,Brewer,Michelle,06/10/1988,***-**-6836,OK
362,Nolan,Hannah,09/15/1978,***-**-1332,OK
368,Johnson,Erica,05/27/1978,***-**-9413,LA
323,Obrien,Jeremy,01/13/1982,***-**-7592,OR
